"Summer,Plus Size,Lace,Mini,Dress,slim,camouflage,Mini dress,Pocket,high waist,Women's Fashion,Fashion,Lace Up,t,print dress,Print,sleeveless,bodycon,Casual,Women Fashion,Waist"
"Summer,Plus Size,ruffle,ruffled,chiffon,Tank,Pure Color,Cami,tank top,Women's Fashion,Fashion,V-neck,blousesampshirt,sexy,Tops,Women"
"Summer,Shorts,Women,shortromper,Spaghetti,onepiece,Spaghetti Strap,One-Piece Suits,shortjumpsuit,Women's Fashion,Fashion,Casual,summerjumpsuit,sleeveless,Rompers,women Jumpsuit,playsuit,jumpsuit"
"Summer,Shorts,Rompers,Casual,Ladies,Women's Fashion,Fashion,off shoulder,sexy,Floral,sleeveless,Women,Beach,playsuit,jumpsuit"
"Round neck,Plus Size,Necks,Summer,Dress,Loose,Pocket,Women's Fashion,Fashion,Pure Color,sleeveless,Casual,Women"
"Summer,Women Rompers,Shorts,women beachwear,womenonepiece,lace top,lace bralette top,womensjumpsuitsromper,V-neck,Rompers,women summer tops,lace lingerie,Women S Clothing,Ladies,jumpsuit,slim,Casual,Lace"
"men jeans,Fashion,Summer,rippedjean,slim,croppedjean,mensummerjean,2014menshort,Men Shorts,zippers,Jeans,trousers,summerjean,Shorts,causaljean,rippedshort,2014summermenshort"
"Summer,floralprinteddres,Dress,slim,Floral dress,Women's Fashion,Plus Size,womensleevelessdres,printed,Floral,Casual,Women,dressforwomen,Flowers,Necks,casualwomendres,summer dress,summersleeveelessdres,Sleeveless dress,Round neck,dress slim,sleeveless"
"slim dress,dressesforwomen,halter dress,Dresses,Spaghetti,Plus Size,Spaghetti Strap,slim,Women's Fashion,Sleeveless dress,maxi dress,Fashion,Dress,Women"
"Summer,Plus Size,women dresses,Evening Dress,Dress,slim,casual dresses,Mini dress,beach dress,sleeveless,summer dresses,casual dress,slim dress,Shorts,Waist,short dress,Slim Fit,Women's Fashion,camouflage,Sleeveless dress,t,women dress,Women"
"Summer,sweetheart,Fashion,short dress,strappydres,goingout,Slim Fit,Floral dress,Shorts,Floral,Women's Fashion,Sheath Dress,A line dress,sweetheartdres,sexy,Above Knee dresses,Spaghetti,Dress,Women"
"Summer,Floral print,long dress,Beach,Dress,boho,Print,beach dress,off shoulder,splits,sexy,Floral,maxi dress,Ladies,Women's Fashion,Women"
"Summer,Shorts,Lace,Casual pants,Bottom,pants,Loose,Women's Fashion,Plus Size,Lace Up,Elastic,Casual,Women"
"Lace Up,lacelingerieset,Lace,lowwaistunderwear,hollowoutlingerie,Waist,florallingerie,halterlingerieset,Women's Fashion,Bikini,Lingerie,women lingerie,Lingerie Sets,sexy,sexy lace,Bikini Lingerie,Women,sexy lingerie,laceuplingerie"
"Mini,Plus Size,Print Dresses,Waist,Summer,Dress,Mini dress,Women's Fashion,vestido,Floral,Spaghetti,Women"
"drawstringpant,Summer,Shorts,Bottom,pants,Loose,Short pants,Women's Fashion,Plus Size,Fashion,Casual,Women"
"Summer,Fashion,high waist,Swing dress,long dress,Skirts,Dress,Waist,boho,V-neck,floralprinted,slingdre,bohemian,off shoulder,retro,Swing,Floral,printed,Women's Fashion,Casual,Women"
"Summer,slim dress,sundress,long dress,fashion dress,Dress,summer dress,beach dress,longmaxiskirt,boho,Party Dress,boho dress,party,sexy,women dress,Beach,Women's Fashion,geometricpattern,evening party dress,Women"
"Summer,trousers,pants,Bottom,fashion pants,Women's Fashion,Long pants,widelegpant,Casual,harem pants,summerpant,Plus Size,loosepant,printed,women trousers,slitpant,Women"
"Summer,Shorts,skinny pants,pants,women's pants,Short pants,summer shorts,Casual,harem pants,Women's Fashion,Plus Size,Sports Pants,Denim Shorts,high waisted shorts,Ladies,Beach,Fashion,pant womens summer"
"highwaisttop,Fashion,loosevest,Summer,loose shirt,Tank,Tops,knitted crop top,tank top,tank tops women,knitted,ribbed crop top,PLAINCROP TOP,Casual,cassualvest,solidblouse,tops for women"
"Summer,Fashion,Necks,Beach,Dress,Loose,beach dress,Round neck,Women's Fashion,sleeveless,Skirts,Casual,Women"
"sleeve v-neck,Summer,Plus Size,Sleeve,Dresses,Dress,short sleeves,V-neck,Women's Fashion,Shorts,solid color,knee,Fashion,Casual"
"Women,womenpaddedbra,summercasualfashionsexywomenprintbikinissetpushupbraswimsuitmidwaist,women swimsuit,onepiece,womensummersexybacklessbikini,Swimsuit,Swimwear,sexyswimwearset,Bikini,Fashion,fashionswimsuitswimwearbathingsuit,womenfashionsummerbikinisset,sexy,pushupbikiniset,fashionsweetladybeautywomenbikinisexyswimwear,Women's Fashion,summerbeachbikini,Swimming"
"Women Vest,Vest,Fashion,Halter,Women Blouse,summer t-shirts,Cross,Women's Fashion,Summer,Casual T-Shirt,tunic,short sleeve shirt,Casual,Women,blouse women,Tops & Blouses,Shirt,Short Sleeve Blouses,Tops,Blouses & Shirts,sleeveless,Short Sleeve T-Shirt,Tank"
"Summer,Plus Size,Sleeve,Dress,Loose,short sleeves,V-neck,Shorts,Women's Fashion,Fashion,Print,Casual,Women Fashion"
"Hip Hop,Summer,Fashion,Shirt,Funny,onecktshirt,Tops,summer t-shirts,Tee,Men's Fashion,Cool T-Shirts,T Shirts,Men T-shirt,Men,3dprintedtshirt,sizesxxxl"
"bathing suit,Fashion,high waist,Sunflowers,Beach,Waist,beach wear,Swimwear,Bikini,printed,Suits,Swimming,Women,Swimsuit,Women's Fashion,Two piece set"
"Summer,Plus Size,Floral print,Tank,Tops,Spaghetti Strap,tank top,Women's Fashion,Flowers,Spaghetti,Print,sleeveless,Fashion,Casual,Women"
"pleated dress,robefemme,summer dress,V Neckdress,Casual,kleid,maternitydres,Party Dress,prom dress,maxi dress,Robes,Beach,loose dress"
"Mini,Strapless Dress,Fashion,Tank,Spaghetti,Summer,Beach,Tops,Spaghetti Strap,beach dress,tank top,bodycon,Women's Fashion,Sleeveless dress,backless,Dress,sleeveless,Mini dress,slim,Casual,Women"
"Summer,Fashion,Necks,Skirts,Dress,Loose,Women's Fashion,Round neck,beach dress,sleeveless,black dress,Beach,Casual,Women"
"Summer,Shorts,Sleeve,pants,Spring,Loose,short sleeves,Long pants,Fashion,off shoulder,black,Causal,Women Fashion,jumpsuit"
"women bags,beachbag,strawbag,pursesampwallet,Shoulder Bags,Handmade,fashion bag,minibag,Bags,Crossbody Bag,Summer,Handbags,Women's Fashion,Beach,woven,Women"
"Summer,harem,trousers,Yoga,high waist,Casual pants,Long pants,pants,Waist,yoga pants,Women's Fashion,yoga leggings,harem pants,High Waist Pants,Fashion,sweat pants,Casual,Women"
"Summer,womens dresses,Mini,Patchwork,Dress,backlessbeachwear,Mini dress,beachdresse,Women's Fashion,Women S Clothing,soliddresse,party,backless,sexy,Casual,sleeveless"
"Summer,womens dresses,Mini,Patchwork,fashion dress,Dress,Mini dress,Women's Fashion,Women S Clothing,backless,sexy,party,Casual,sleeveless"
"Summer,Vest,momshirt,Get,summer t-shirts,funnytop,yoga top,Tops,Women's Fashion,Fashion,Casual,Women,blouse,Funny,Tank,Shirt,graphic tee,sleevelessblouse,sportsamprecreation,Dinosaur,gymwear,sleeveless,casualblouse"
"Summer,Plus Size,women dresses,Evening Dress,Dress,slim,casual dresses,Mini dress,beach dress,Fashion,sleeveless,summer dresses,casual dress,slim dress,Shorts,Waist,short dress,Slim Fit,Women's Fashion,camouflage,Sleeveless dress,t,women dress,Women"
"blouse,Summer,Plus Size,Tops & Blouses,Lace,Tank,Tops,topsamptshirt,tank top,Women's Fashion,Fashion,Loose,topsampblouse,Print,sleeveless,sexy,Women,Casual,Cotton"
"Summer,Leggings,trousers,high waist,Casual pants,Army,pants,Women's Fashion,pencil pants,Fashion,Green,Women,slim,Pants & Capris"
"bathing suit,Fashion,Sports & Outdoors,summersuit,Men,pantssuit,T Shirts,Basketball,Men's pants,printed,Sport,Swimming suit,tshirtsuit,Shorts,Shirt,Clothing,track suit,Fashion Suits,Running,Men's Fashion,Sport Suits,Suits"
"Summer,Fashion,Floral print,Mini,Dress,Mini dress,Print,Women's Fashion,Sexy Dress,Floral,sexy,Spaghetti,Women Fashion"
"Summer,Plus Size,Necks,Dress,Polkas,Round neck,Women's Fashion,Fashion,polka dot,Sleeveless dress,Ladies,sleeveless,printed,Casual,Women"
"Women Pants,womens jeans,Fashion,Summer,Denim,slim,Hot pants,Women's Fashion,Plus Size,sexy,Casual,Slim Fit,Shorts,Waist,skinnyshort,Classics,Short pants,summerpant,Denim Shorts,high waist,solid color,Jeans"
"butterfly,Summer,Plus Size,butterflydre,Mini,fashion dress,Dress,Mini dress,beach dress,Fashion,knee,Casual,casual dress,Shorts,button,summer dress,Women's Fashion,Sleeveless dress,Print,sleeveless,Women,loose dress"
"blouse,Plus Size,Summer,Dress,short sleeves,V-neck,beach dress,Fashion,Casual,Deep V-Neck,Shorts,Tops & Blouses,Sleeve,summer dress,Women's Fashion,Swimsuit,Party Dress,Ladies,party,linen dress,Beach,loose dress,Swimming"
"Summer,Collar,Fashion,Tank,Sleeve,Women Vest,Round Collar,Tops,T Shirts,tank top,short sleeves,Women's Fashion,Shorts,featherprint,Print,sleeveless,feather,Casual"
"trousers,high waist,Casual pants,pants,Women's Fashion,Long pants,pencil pants,Plus Size,loosepant,women trousers,Women,Fashion,Waist"
"Women S Clothing,maxi summer dresses,Mother,Dress,motherdaughterdresse,momandkid,Outfits,Casual,boho,Women's Fashion,Sleeveless dress,striped dress,Stripes,women dress,boho dress,motherdaughtermatchingclothe,kids"
"Summer,strappytop,Plus Size,Lace,Shirt,Plus size top,tank top,Women's Fashion,Fashion,sleeveless tops,Casual T-Shirt,Spaghetti,summer tops,Women,lace trim,spaghetti strap top,Tank,Necks,Tops,Casual,Cami Tank Tops,sleeveless,deep v neck top,Loose tank tops"
"Deep V-Neck,Plus Size,halter dress,Halter,Summer,long dress,Dress,V-neck,beach dress,Party Dress,sleeveless,Casual,Clothes,maxide,Beach,summer dress,Women's Fashion,Cotton Dress,Sleeveless dress,Ladies,party,Cotton,Fashion,loose dress"
"Bikinis Set,Womens Swimsuit,Halter,Bikini swimwear,women swimsuit,padded bikini,bandage bikini,Swimwear,swimsuits for women,Bikini,Suits,Women's Fashion,Fashion,Womens swimwear,high waist bikini,Halter Bikini,Swimsuit,Beach,Swimming,Women"
"Summer,Plus Size,Tank,Tops,Spaghetti Strap,tank top,floralprinted,Women's Fashion,Fashion,Design,printed,Floral,sleeveless,Spaghetti,Casual"
"Summer,Plus Size,camishort,Halter,cute,Spaghetti,Necks,Spaghetti Strap,beach wear,playsuit,Casual,Women's Fashion,Shorts,playsuitoutfitsclothing,Fashion,Summer Fashion,Women,Beach,Rompers,Women Fashion,jumpsuit"
"slim long,slim dress,Fashion,Summer,Dresses,Beach,Dress,summer dress,long dress,Women's Fashion,slim,Spaghetti Strap,Elegant,beach dress,Plus Size,printed,Sleeveless dress,sleeveless,maxi dress,Spaghetti,Women"
"Mini,womens dresses,Lace,Cocktail,slim dress,Dress,short sleeves,Mini dress,Women's Fashion,short sleeve dress,Summer,Party Dresses,princess dress,Bodycon Dress,Women,lace dresses,Shorts,Sleeve,Cocktail dresses,summer dress,Ladies,party,Fashion"
"bohemia,Summer,Plus Size,Loose,tank top,Women's Fashion,Fashion,sleeveless tops,Summer Fashion,Casual,Cotton,blouse,beachtshirt,Tank,Shirt,Tops,boho,women shirt,sleeveless,Women,Beach,printed"
"Fashion,Shirt,women dresses,Long Sleeve,plus size dress,Dress,pulloverdres,Women's Fashion,Midi Dress,maxi dress,kaftandres,plaidchecked"
"Panties,sport pants,skinny pants,Casual pants,pants,yoga pants,Women's Fashion,Long pants,trousersforwomen,trousers,Sports Pants,women trousers,Yoga,Sport,Casual,trouserswomen,Women"
"blouse,Summer,Fashion,Tops,kimono,Casual,Jacket,cardigan,Floral,sexy,summer tops"
"Summer,trousers,Floral print,Fashion,Print,Long pants,Women Clothing,Floral,sleeveless,sexy jumpsuit,Jumpers,Clothing,Rompers,jumpsuit"
